model	gene	region	rho	n	ci_lo	ci_hi
cadd_phred	BRCA1	all	0.4927	3524	0.4673	0.5173
cadd_phred	BRCA2	all	0.5094	3604	0.4849	0.5332
cadd_phred	BARD1	all	0.436	3160	0.4073	0.4638
cadd_phred	PALB2	all	0.3319	4011	0.304	0.3591
cadd_phred	RAD51C	all	0.5308	1771	0.4965	0.5634
cadd_phred	VHL	all	0.4734	1067	0.4255	0.5187
cadd_phred	BAP1	all	0.3266	2760	0.2928	0.3595
cadd_phred	BRCA1	splice	0.6278	507	0.572	0.6778
cadd_phred	BRCA2	splice	0.7381	264	0.6777	0.7885
cadd_phred	BARD1	splice	0.7561	183	0.6863	0.8121
cadd_phred	PALB2	splice	0.6725	230	0.5949	0.7377
cadd_phred	RAD51C	splice	0.6802	160	0.587	0.7556
cadd_phred	VHL	splice	0.7306	55	0.5771	0.8342
cadd_phred	BAP1	splice	0.6838	245	0.6108	0.7453
cadd_phred	BRCA1	splice_core	0.3488	141	0.1947	0.4861
cadd_phred	BRCA2	splice_core	0.3306	107	0.1502	0.4897
cadd_phred	BARD1	splice_core	0.0805	69	-0.1592	0.3112
cadd_phred	PALB2	splice_core	-0.0693	95	-0.2671	0.1341
cadd_phred	RAD51C	splice_core	0.1022	50	-0.1813	0.37
cadd_phred	VHL	splice_core	0.4427	19	-0.0144	0.7468
cadd_phred	BAP1	splice_core	0.2736	71	0.043	0.4765
cadd_phred	BRCA1	splice_region	0.3855	366	0.2946	0.4694
cadd_phred	BRCA2	splice_region	0.432	157	0.2953	0.5513
cadd_phred	BARD1	splice_region	0.4745	114	0.3184	0.6056
cadd_phred	PALB2	splice_region	0.2862	135	0.1232	0.4341
cadd_phred	RAD51C	splice_region	0.4356	110	0.2704	0.5759
cadd_phred	VHL	splice_region	0.2129	36	-0.1244	0.506
cadd_phred	BAP1	splice_region	0.3095	174	0.1685	0.4381
cadd_phred	BRCA1	intronic	0.0779	450	-0.0146	0.1691
cadd_phred	BRCA2	intronic	0.1477	47	-0.1457	0.4171
cadd_phred	BARD1	intronic	-0.033	191	-0.1742	0.1095
cadd_phred	PALB2	intronic	0.0693	148	-0.0931	0.2281
cadd_phred	RAD51C	intronic	-0.1132	170	-0.2593	0.0379
cadd_phred	VHL	intronic	0.1452	133	-0.0257	0.3078
cadd_phred	BAP1	intronic	0.0387	316	-0.0719	0.1484
cadd_phred	BRCA1	coding	0.544	2512	0.5159	0.571
cadd_phred	BRCA2	coding	0.4949	3285	0.4686	0.5203
cadd_phred	BARD1	coding	0.4253	2771	0.3943	0.4553
cadd_phred	PALB2	coding	0.3013	3606	0.2713	0.3307
cadd_phred	RAD51C	coding	0.5824	1414	0.5469	0.6159
cadd_phred	VHL	coding	0.5114	863	0.4604	0.5591
cadd_phred	BAP1	coding	0.3358	2172	0.2979	0.3726
cadd_phred	BRCA1	missense	0.4737	1919	0.4383	0.5077
cadd_phred	BRCA2	missense	0.3841	1940	0.3455	0.4214
cadd_phred	BARD1	missense	0.3235	1900	0.2827	0.3632
cadd_phred	PALB2	missense	0.1898	2448	0.1513	0.2277
cadd_phred	RAD51C	missense	0.5877	991	0.5454	0.6271
cadd_phred	VHL	missense	0.563	598	0.5057	0.6154
cadd_phred	BAP1	missense	0.2887	1366	0.2393	0.3365
alphamissense	BRCA1	all	0.5615	2077	0.5313	0.5903
alphamissense	BRCA2	all	0.417	2030	0.3804	0.4523
alphamissense	BARD1	all	0.3854	2026	0.3477	0.4219
alphamissense	PALB2	all	0.2217	2652	0.1852	0.2576
alphamissense	RAD51C	all	0.627	1043	0.5887	0.6625
alphamissense	VHL	all	0.6689	618	0.6229	0.7103
alphamissense	BAP1	all	0.3232	1480	0.2768	0.368
alphamissense	BRCA1	splice		0		
alphamissense	BRCA2	splice		0		
alphamissense	BARD1	splice		0		
alphamissense	PALB2	splice		1		
alphamissense	RAD51C	splice		0		
alphamissense	VHL	splice		0		
alphamissense	BAP1	splice		0		
alphamissense	BRCA1	splice_core		0		
alphamissense	BRCA2	splice_core		0		
alphamissense	BARD1	splice_core		0		
alphamissense	PALB2	splice_core		1		
alphamissense	RAD51C	splice_core		0		
alphamissense	VHL	splice_core		0		
alphamissense	BAP1	splice_core		0		
alphamissense	BRCA1	splice_region		0		
alphamissense	BRCA2	splice_region		0		
alphamissense	BARD1	splice_region		0		
alphamissense	PALB2	splice_region		0		
alphamissense	RAD51C	splice_region		0		
alphamissense	VHL	splice_region		0		
alphamissense	BAP1	splice_region		0		
alphamissense	BRCA1	intronic		0		
alphamissense	BRCA2	intronic		0		
alphamissense	BARD1	intronic		0		
alphamissense	PALB2	intronic		0		
alphamissense	RAD51C	intronic		0		
alphamissense	VHL	intronic		0		
alphamissense	BAP1	intronic		0		
alphamissense	BRCA1	coding	0.5615	2077	0.5313	0.5903
alphamissense	BRCA2	coding	0.4185	2022	0.3818	0.4538
alphamissense	BARD1	coding	0.3854	2026	0.3477	0.4219
alphamissense	PALB2	coding	0.2217	2651	0.1852	0.2576
alphamissense	RAD51C	coding	0.627	1043	0.5887	0.6625
alphamissense	VHL	coding	0.6689	618	0.6229	0.7103
alphamissense	BAP1	coding	0.3232	1480	0.2768	0.368
alphamissense	BRCA1	missense	0.561	2067	0.5307	0.5899
alphamissense	BRCA2	missense	0.4185	2022	0.3818	0.4538
alphamissense	BARD1	missense	0.3854	2026	0.3477	0.4219
alphamissense	PALB2	missense	0.2217	2651	0.1852	0.2576
alphamissense	RAD51C	missense	0.6263	1042	0.5879	0.6618
alphamissense	VHL	missense	0.6689	618	0.6229	0.7103
alphamissense	BAP1	missense	0.3232	1480	0.2768	0.368
phylop100way	BRCA1	all	0.4222	3893	0.3961	0.4477
phylop100way	BRCA2	all	0.3792	3757	0.3515	0.4062
phylop100way	BARD1	all	0.3132	3403	0.2826	0.3432
phylop100way	PALB2	all	0.2287	4339	0.2003	0.2567
phylop100way	RAD51C	all	0.4204	1880	0.3824	0.4569
phylop100way	VHL	all	0.4444	1103	0.3958	0.4906
phylop100way	BAP1	all	0.2172	3035	0.183	0.2508
phylop100way	BRCA1	splice	0.6052	547	0.5493	0.6558
phylop100way	BRCA2	splice	0.6758	278	0.6064	0.735
phylop100way	BARD1	splice	0.6675	200	0.5827	0.7379
phylop100way	PALB2	splice	0.5756	252	0.4866	0.6527
phylop100way	RAD51C	splice	0.6735	171	0.5823	0.748
phylop100way	VHL	splice	0.6909	59	0.5283	0.8046
phylop100way	BAP1	splice	0.6525	274	0.5787	0.7156
phylop100way	BRCA1	splice_core	-0.046	148	-0.2058	0.1162
phylop100way	BRCA2	splice_core	0.1074	112	-0.0798	0.2872
phylop100way	BARD1	splice_core	0.2406	72	0.0094	0.4473
phylop100way	PALB2	splice_core	0.1281	102	-0.0681	0.3147
phylop100way	RAD51C	splice_core	-0.2825	55	-0.5096	-0.0186
phylop100way	VHL	splice_core	-0.2304	21	-0.6022	0.2235
phylop100way	BAP1	splice_core	0.0776	80	-0.1446	0.2924
phylop100way	BRCA1	splice_region	0.4188	399	0.3344	0.4966
phylop100way	BRCA2	splice_region	0.3184	166	0.1745	0.4489
phylop100way	BARD1	splice_region	0.3752	128	0.2157	0.5152
phylop100way	PALB2	splice_region	0.1874	150	0.028	0.3375
phylop100way	RAD51C	splice_region	0.4676	116	0.3118	0.5989
phylop100way	VHL	splice_region	0.1528	38	-0.1755	0.4505
phylop100way	BAP1	splice_region	0.2654	194	0.1294	0.3917
phylop100way	BRCA1	intronic	0.1059	492	0.0177	0.1925
phylop100way	BRCA2	intronic	0.1281	49	-0.1588	0.3951
phylop100way	BARD1	intronic	-0.0318	209	-0.1668	0.1044
phylop100way	PALB2	intronic	0.1086	153	-0.051	0.2627
phylop100way	RAD51C	intronic	-0.1284	178	-0.2704	0.019
phylop100way	VHL	intronic	0.1262	137	-0.0424	0.2879
phylop100way	BAP1	intronic	0.0179	363	-0.0852	0.1206
phylop100way	BRCA1	coding	0.4146	2798	0.3834	0.4448
phylop100way	BRCA2	coding	0.3569	3422	0.3274	0.3858
phylop100way	BARD1	coding	0.2931	2970	0.2598	0.3256
phylop100way	PALB2	coding	0.1922	3900	0.1617	0.2222
phylop100way	RAD51C	coding	0.4256	1502	0.3832	0.4661
phylop100way	VHL	coding	0.4545	891	0.4007	0.5051
phylop100way	BAP1	coding	0.2137	2367	0.175	0.2519
phylop100way	BRCA1	missense	0.4057	2117	0.3695	0.4407
phylop100way	BRCA2	missense	0.3382	2022	0.299	0.3762
phylop100way	BARD1	missense	0.2559	2029	0.2148	0.2961
phylop100way	PALB2	missense	0.1629	2660	0.1257	0.1997
phylop100way	RAD51C	missense	0.4127	1048	0.3612	0.4617
phylop100way	VHL	missense	0.5086	618	0.4476	0.5648
phylop100way	BAP1	missense	0.173	1485	0.1232	0.2219
phastcons100way	BRCA1	all	0.3157	3893	0.2871	0.3437
phastcons100way	BRCA2	all	0.2803	3757	0.2506	0.3095
phastcons100way	BARD1	all	0.2235	3403	0.1914	0.2552
phastcons100way	PALB2	all	0.1509	4339	0.1217	0.1798
phastcons100way	RAD51C	all	0.2971	1880	0.2553	0.3377
phastcons100way	VHL	all	0.4011	1103	0.3503	0.4494
phastcons100way	BAP1	all	0.1507	3035	0.1157	0.1852
phastcons100way	BRCA1	splice	0.5904	547	0.5329	0.6424
phastcons100way	BRCA2	splice	0.6901	278	0.6231	0.7471
phastcons100way	BARD1	splice	0.5425	200	0.4367	0.6336
phastcons100way	PALB2	splice	0.5454	252	0.4523	0.6268
phastcons100way	RAD51C	splice	0.5794	171	0.4702	0.6711
phastcons100way	VHL	splice	0.7203	59	0.5692	0.8243
phastcons100way	BAP1	splice	0.6474	274	0.5729	0.7113
phastcons100way	BRCA1	splice_core	0.1004	148	-0.062	0.2576
phastcons100way	BRCA2	splice_core	0.1291	112	-0.0578	0.3073
phastcons100way	BARD1	splice_core	0.058	72	-0.176	0.2859
phastcons100way	PALB2	splice_core	0.2567	102	0.0655	0.4297
phastcons100way	RAD51C	splice_core	-0.1468	55	-0.3967	0.1233
phastcons100way	VHL	splice_core		21		
phastcons100way	BAP1	splice_core	0.2241	80	0.0046	0.423
phastcons100way	BRCA1	splice_region	0.4081	399	0.3229	0.4868
phastcons100way	BRCA2	splice_region	0.349	166	0.2078	0.4761
phastcons100way	BARD1	splice_region	0.3991	128	0.2424	0.5355
phastcons100way	PALB2	splice_region	0.196	150	0.0369	0.3454
phastcons100way	RAD51C	splice_region	0.3532	116	0.1827	0.5031
phastcons100way	VHL	splice_region	0.12	38	-0.2077	0.4234
phastcons100way	BAP1	splice_region	0.3115	194	0.1784	0.4333
phastcons100way	BRCA1	intronic	0.1621	492	0.0747	0.2469
phastcons100way	BRCA2	intronic	0.2107	49	-0.0749	0.4644
phastcons100way	BARD1	intronic	0.0501	209	-0.0862	0.1846
phastcons100way	PALB2	intronic	0.1407	153	-0.0184	0.2929
phastcons100way	RAD51C	intronic	-0.1207	178	-0.2631	0.0268
phastcons100way	VHL	intronic	0.1483	137	-0.0199	0.3083
phastcons100way	BAP1	intronic	0.003	363	-0.1	0.1059
phastcons100way	BRCA1	coding	0.2884	2798	0.254	0.322
phastcons100way	BRCA2	coding	0.2636	3422	0.2322	0.2945
phastcons100way	BARD1	coding	0.1871	2970	0.1522	0.2216
phastcons100way	PALB2	coding	0.0992	3900	0.0681	0.1302
phastcons100way	RAD51C	coding	0.2897	1502	0.2427	0.3354
phastcons100way	VHL	coding	0.4031	891	0.3466	0.4567
phastcons100way	BAP1	coding	0.1469	2367	0.1073	0.1861
phastcons100way	BRCA1	missense	0.3176	2117	0.2788	0.3554
phastcons100way	BRCA2	missense	0.2704	2022	0.2295	0.3104
phastcons100way	BARD1	missense	0.2154	2029	0.1735	0.2565
phastcons100way	PALB2	missense	0.1308	2660	0.0933	0.168
phastcons100way	RAD51C	missense	0.2947	1048	0.2384	0.349
phastcons100way	VHL	missense	0.4433	618	0.3777	0.5046
phastcons100way	BAP1	missense	0.1037	1485	0.0531	0.1538
spliceai_ds	BRCA1	all	0.2707	3893	0.2413	0.2996
spliceai_ds	BRCA2	all	0.2112	3757	0.1804	0.2415
spliceai_ds	BARD1	all	0.1861	3403	0.1535	0.2183
spliceai_ds	PALB2	all	0.1127	4339	0.0832	0.142
spliceai_ds	RAD51C	all	0.1978	1880	0.154	0.2408
spliceai_ds	VHL	all	0.2672	1103	0.2115	0.3212
spliceai_ds	BAP1	all	0.1942	3035	0.1597	0.2282
spliceai_ds	BRCA1	splice	0.7507	547	0.7117	0.7851
spliceai_ds	BRCA2	splice	0.7722	278	0.7199	0.8157
spliceai_ds	BARD1	splice	0.8195	200	0.7681	0.8604
spliceai_ds	PALB2	splice	0.6746	252	0.6011	0.7367
spliceai_ds	RAD51C	splice	0.7465	171	0.6717	0.8063
spliceai_ds	VHL	splice	0.7835	59	0.6598	0.8658
spliceai_ds	BAP1	splice	0.7281	274	0.6672	0.7794
spliceai_ds	BRCA1	splice_core	0.159	148	-0.0024	0.3123
spliceai_ds	BRCA2	splice_core	0.448	112	0.2862	0.5849
spliceai_ds	BARD1	splice_core	0.1947	72	-0.0387	0.408
spliceai_ds	PALB2	splice_core	0.2244	102	0.0313	0.4013
spliceai_ds	RAD51C	splice_core	0.1045	55	-0.1654	0.3598
spliceai_ds	VHL	splice_core	-0.036	21	-0.4605	0.402
spliceai_ds	BAP1	splice_core	0.0483	80	-0.1733	0.2652
spliceai_ds	BRCA1	splice_region	0.6376	399	0.5754	0.6924
spliceai_ds	BRCA2	splice_region	0.4753	166	0.3482	0.5852
spliceai_ds	BARD1	splice_region	0.6382	128	0.5225	0.7308
spliceai_ds	PALB2	splice_region	0.2841	150	0.1297	0.425
spliceai_ds	RAD51C	splice_region	0.578	116	0.4423	0.6878
spliceai_ds	VHL	splice_region	0.4232	38	0.1198	0.6544
spliceai_ds	BAP1	splice_region	0.4399	194	0.3187	0.5468
spliceai_ds	BRCA1	intronic	0.2216	492	0.1359	0.304
spliceai_ds	BRCA2	intronic	0.2029	49	-0.083	0.458
spliceai_ds	BARD1	intronic	0.2544	209	0.123	0.3771
spliceai_ds	PALB2	intronic	-0.0616	153	-0.2181	0.0981
spliceai_ds	RAD51C	intronic	-0.0015	178	-0.1486	0.1456
spliceai_ds	VHL	intronic	0.1302	137	-0.0384	0.2915
spliceai_ds	BAP1	intronic	0.1927	363	0.0916	0.2899
spliceai_ds	BRCA1	coding	0.1334	2798	0.0969	0.1697
spliceai_ds	BRCA2	coding	0.1276	3422	0.0945	0.1604
spliceai_ds	BARD1	coding	0.1252	2970	0.0897	0.1605
spliceai_ds	PALB2	coding	0.0613	3900	0.0299	0.0925
spliceai_ds	RAD51C	coding	0.1189	1502	0.0688	0.1685
spliceai_ds	VHL	coding	0.2548	891	0.1924	0.3152
spliceai_ds	BAP1	coding	0.0943	2367	0.0542	0.1341
spliceai_ds	BRCA1	missense	0.1089	2117	0.0666	0.1508
spliceai_ds	BRCA2	missense	0.1098	2022	0.0666	0.1527
spliceai_ds	BARD1	missense	0.0811	2029	0.0377	0.1242
spliceai_ds	PALB2	missense	0.0361	2660	-0.0019	0.074
spliceai_ds	RAD51C	missense	0.0908	1048	0.0305	0.1506
spliceai_ds	VHL	missense	0.2791	618	0.2048	0.3503
spliceai_ds	BAP1	missense	0.0929	1485	0.0423	0.1431
pangolin_score	BRCA1	all	0.3076	3893	0.2789	0.3357
pangolin_score	BRCA2	all	0.2771	3757	0.2473	0.3063
pangolin_score	BARD1	all	0.1717	3403	0.1389	0.2041
pangolin_score	PALB2	all	0.1478	4339	0.1185	0.1768
pangolin_score	RAD51C	all	0.177	1880	0.1329	0.2205
pangolin_score	VHL	all	0.2583	1103	0.2023	0.3125
pangolin_score	BAP1	all	0.2359	3035	0.2021	0.2693
pangolin_score	BRCA1	splice	0.7407	547	0.7003	0.7763
pangolin_score	BRCA2	splice	0.7622	278	0.7081	0.8075
pangolin_score	BARD1	splice	0.8377	200	0.7909	0.8748
pangolin_score	PALB2	splice	0.7263	252	0.6622	0.7799
pangolin_score	RAD51C	splice	0.7255	171	0.6458	0.7896
pangolin_score	VHL	splice	0.7532	59	0.6158	0.8461
pangolin_score	BAP1	splice	0.7693	274	0.7161	0.8137
pangolin_score	BRCA1	splice_core	0.0376	148	-0.1245	0.1977
pangolin_score	BRCA2	splice_core	0.2399	112	0.0569	0.4073
pangolin_score	BARD1	splice_core	0.5136	72	0.32	0.666
pangolin_score	PALB2	splice_core	0.283	102	0.0937	0.4526
pangolin_score	RAD51C	splice_core	-0.0721	55	-0.3311	0.197
pangolin_score	VHL	splice_core	-0.0608	21	-0.4799	0.3809
pangolin_score	BAP1	splice_core	0.2536	80	0.0358	0.4483
pangolin_score	BRCA1	splice_region	0.6466	399	0.5856	0.7003
pangolin_score	BRCA2	splice_region	0.4817	166	0.3555	0.5907
pangolin_score	BARD1	splice_region	0.6013	128	0.4776	0.7016
pangolin_score	PALB2	splice_region	0.3533	150	0.2046	0.486
pangolin_score	RAD51C	splice_region	0.5567	116	0.4167	0.6709
pangolin_score	VHL	splice_region	0.3069	38	-0.0142	0.5706
pangolin_score	BAP1	splice_region	0.5012	194	0.3877	0.5998
pangolin_score	BRCA1	intronic	0.1915	492	0.1048	0.2752
pangolin_score	BRCA2	intronic	0.1967	49	-0.0894	0.4529
pangolin_score	BARD1	intronic	0.2095	209	0.0759	0.3356
pangolin_score	PALB2	intronic	0.1538	153	-0.005	0.305
pangolin_score	RAD51C	intronic	0.0593	178	-0.0885	0.2046
pangolin_score	VHL	intronic	0.1851	137	0.0179	0.3422
pangolin_score	BAP1	intronic	0.2116	363	0.1111	0.3079
pangolin_score	BRCA1	coding	0.1997	2798	0.1638	0.235
pangolin_score	BRCA2	coding	0.2007	3422	0.1683	0.2326
pangolin_score	BARD1	coding	0.1084	2970	0.0727	0.1438
pangolin_score	PALB2	coding	0.0858	3900	0.0546	0.1169
pangolin_score	RAD51C	coding	0.0923	1502	0.0419	0.1422
pangolin_score	VHL	coding	0.227	891	0.1637	0.2884
pangolin_score	BAP1	coding	0.1376	2367	0.0979	0.1769
pangolin_score	BRCA1	missense	0.1057	2117	0.0634	0.1476
pangolin_score	BRCA2	missense	0.1076	2022	0.0643	0.1505
pangolin_score	BARD1	missense	0.0575	2029	0.014	0.1008
pangolin_score	PALB2	missense	0.0242	2660	-0.0138	0.0621
pangolin_score	RAD51C	missense	0.0204	1048	-0.0402	0.0809
pangolin_score	VHL	missense	0.2103	618	0.1336	0.2844
pangolin_score	BAP1	missense	0.1237	1485	0.0733	0.1735
alphagenome_splice	BRCA1	all	0.2925	3893	0.2635	0.3209
alphagenome_splice	BRCA2	all	0.1726	3757	0.1414	0.2035
alphagenome_splice	BARD1	all	0.1682	3403	0.1353	0.2006
alphagenome_splice	PALB2	all	0.108	4339	0.0785	0.1373
alphagenome_splice	RAD51C	all	0.2184	1880	0.175	0.2611
alphagenome_splice	VHL	all	0.1693	1103	0.1114	0.2261
alphagenome_splice	BAP1	all	0.1948	3035	0.1603	0.2288
alphagenome_splice	BRCA1	splice	0.7312	547	0.6896	0.768
alphagenome_splice	BRCA2	splice	0.7347	278	0.6755	0.7846
alphagenome_splice	BARD1	splice	0.8312	200	0.7827	0.8696
alphagenome_splice	PALB2	splice	0.7144	252	0.648	0.77
alphagenome_splice	RAD51C	splice	0.752	171	0.6784	0.8106
alphagenome_splice	VHL	splice	0.8007	59	0.6851	0.877
alphagenome_splice	BAP1	splice	0.7102	274	0.646	0.7644
alphagenome_splice	BRCA1	splice_core	-0.0341	148	-0.1944	0.1279
alphagenome_splice	BRCA2	splice_core	0.0552	112	-0.1317	0.2383
alphagenome_splice	BARD1	splice_core	0.5525	72	0.3679	0.6952
alphagenome_splice	PALB2	splice_core	0.2037	102	0.0096	0.383
alphagenome_splice	RAD51C	splice_core	0.2482	55	-0.0183	0.4818
alphagenome_splice	VHL	splice_core	0.215	21	-0.2389	0.5918
alphagenome_splice	BAP1	splice_core	-0.2151	80	-0.4152	0.0049
alphagenome_splice	BRCA1	splice_region	0.638	399	0.5759	0.6928
alphagenome_splice	BRCA2	splice_region	0.4939	166	0.3693	0.601
alphagenome_splice	BARD1	splice_region	0.648	128	0.5346	0.7385
alphagenome_splice	PALB2	splice_region	0.3495	150	0.2005	0.4828
alphagenome_splice	RAD51C	splice_region	0.5701	116	0.4327	0.6815
alphagenome_splice	VHL	splice_region	0.4899	38	0.2018	0.6999
alphagenome_splice	BAP1	splice_region	0.4373	194	0.3159	0.5447
alphagenome_splice	BRCA1	intronic	0.1979	492	0.1114	0.2814
alphagenome_splice	BRCA2	intronic	0.2214	49	-0.0638	0.4731
alphagenome_splice	BARD1	intronic	0.2741	209	0.1437	0.3951
alphagenome_splice	PALB2	intronic	0.0226	153	-0.1366	0.1806
alphagenome_splice	RAD51C	intronic	0.1027	178	-0.045	0.2461
alphagenome_splice	VHL	intronic	0.0102	137	-0.1577	0.1777
alphagenome_splice	BAP1	intronic	0.1799	363	0.0784	0.2777
alphagenome_splice	BRCA1	coding	0.1709	2798	0.1347	0.2067
alphagenome_splice	BRCA2	coding	0.085	3422	0.0517	0.1182
alphagenome_splice	BARD1	coding	0.116	2970	0.0803	0.1513
alphagenome_splice	PALB2	coding	0.0506	3900	0.0193	0.0819
alphagenome_splice	RAD51C	coding	0.1379	1502	0.088	0.1872
alphagenome_splice	VHL	coding	0.1783	891	0.1139	0.2411
alphagenome_splice	BAP1	coding	0.0989	2367	0.0588	0.1386
alphagenome_splice	BRCA1	missense	0.151	2117	0.1091	0.1923
alphagenome_splice	BRCA2	missense	0.0471	2022	0.0035	0.0905
alphagenome_splice	BARD1	missense	0.1038	2029	0.0606	0.1467
alphagenome_splice	PALB2	missense	0.0509	2660	0.0129	0.0887
alphagenome_splice	RAD51C	missense	0.1495	1048	0.0897	0.2081
alphagenome_splice	VHL	missense	0.1594	618	0.0816	0.2353
alphagenome_splice	BAP1	missense	0.0749	1485	0.0242	0.1253
gpn_msa_score	BRCA1	all	0.4948	3893	0.4707	0.5181
gpn_msa_score	BRCA2	all	0.4441	3757	0.4181	0.4694
gpn_msa_score	BARD1	all	0.3758	3403	0.3466	0.4043
gpn_msa_score	PALB2	all	0.2362	4339	0.2079	0.2641
gpn_msa_score	RAD51C	all	0.5144	1880	0.4804	0.5469
gpn_msa_score	VHL	all	0.5121	1103	0.4672	0.5544
gpn_msa_score	BAP1	all	0.2941	3035	0.2613	0.3263
gpn_msa_score	BRCA1	splice	0.6496	547	0.5983	0.6955
gpn_msa_score	BRCA2	splice	0.6796	278	0.6108	0.7382
gpn_msa_score	BARD1	splice	0.6736	200	0.59	0.7429
gpn_msa_score	PALB2	splice	0.6302	252	0.5495	0.6993
gpn_msa_score	RAD51C	splice	0.7136	171	0.6311	0.7801
gpn_msa_score	VHL	splice	0.7056	59	0.5487	0.8145
gpn_msa_score	BAP1	splice	0.6667	274	0.5952	0.7277
gpn_msa_score	BRCA1	splice_core	0.1982	148	0.038	0.3484
gpn_msa_score	BRCA2	splice_core	0.0994	112	-0.0878	0.2798
gpn_msa_score	BARD1	splice_core	0.0937	72	-0.1411	0.3184
gpn_msa_score	PALB2	splice_core	0.1941	102	-0.0004	0.3745
gpn_msa_score	RAD51C	splice_core	-0.1894	55	-0.4329	0.08
gpn_msa_score	VHL	splice_core	0.1215	21	-0.3274	0.5256
gpn_msa_score	BAP1	splice_core	0.3475	80	0.1384	0.527
gpn_msa_score	BRCA1	splice_region	0.4841	399	0.4052	0.5559
gpn_msa_score	BRCA2	splice_region	0.3435	166	0.2017	0.4711
gpn_msa_score	BARD1	splice_region	0.4306	128	0.2779	0.5622
gpn_msa_score	PALB2	splice_region	0.3297	150	0.1789	0.4654
gpn_msa_score	RAD51C	splice_region	0.5943	116	0.4621	0.7007
gpn_msa_score	VHL	splice_region	0.162	38	-0.1663	0.4579
gpn_msa_score	BAP1	splice_region	0.27	194	0.1342	0.3958
gpn_msa_score	BRCA1	intronic	0.1412	492	0.0534	0.2268
gpn_msa_score	BRCA2	intronic	0.2351	49	-0.0494	0.4843
gpn_msa_score	BARD1	intronic	-0.0668	209	-0.2007	0.0695
gpn_msa_score	PALB2	intronic	0.0964	153	-0.0633	0.2512
gpn_msa_score	RAD51C	intronic	0.0038	178	-0.1433	0.1508
gpn_msa_score	VHL	intronic	0.0573	137	-0.1115	0.2229
gpn_msa_score	BAP1	intronic	0.114	363	0.0112	0.2144
gpn_msa_score	BRCA1	coding	0.5098	2798	0.4819	0.5367
gpn_msa_score	BRCA2	coding	0.4179	3422	0.3898	0.4452
gpn_msa_score	BARD1	coding	0.3597	2970	0.3279	0.3906
gpn_msa_score	PALB2	coding	0.1908	3900	0.1603	0.2208
gpn_msa_score	RAD51C	coding	0.531	1502	0.4937	0.5663
gpn_msa_score	VHL	coding	0.5534	891	0.5061	0.5973
gpn_msa_score	BAP1	coding	0.2965	2367	0.2593	0.3328
gpn_msa_score	BRCA1	missense	0.487	2117	0.4538	0.5188
gpn_msa_score	BRCA2	missense	0.371	2022	0.3328	0.408
gpn_msa_score	BARD1	missense	0.3294	2029	0.2901	0.3677
gpn_msa_score	PALB2	missense	0.1805	2660	0.1435	0.2171
gpn_msa_score	RAD51C	missense	0.5254	1048	0.4801	0.5679
gpn_msa_score	VHL	missense	0.6058	618	0.5533	0.6534
gpn_msa_score	BAP1	missense	0.2668	1485	0.2189	0.3134
gnomad_af_global	BRCA1	all	0.086	766	0.0153	0.1559
gnomad_af_global	BRCA2	all	0.0295	1196	-0.0272	0.086
gnomad_af_global	BARD1	all	0.0688	1467	0.0177	0.1196
gnomad_af_global	PALB2	all	0.0343	1682	-0.0135	0.082
gnomad_af_global	RAD51C	all	0.0289	785	-0.0411	0.0987
gnomad_af_global	VHL	all	0.1175	479	0.0282	0.2049
gnomad_af_global	BAP1	all	0.1897	1333	0.1374	0.2409
gnomad_af_global	BRCA1	splice	0.1807	94	-0.0228	0.3697
gnomad_af_global	BRCA2	splice	0.264	90	0.0602	0.4467
gnomad_af_global	BARD1	splice	0.245	78	0.0238	0.4434
gnomad_af_global	PALB2	splice	-0.063	83	-0.275	0.1548
gnomad_af_global	RAD51C	splice	0.0288	65	-0.2166	0.2708
gnomad_af_global	VHL	splice	0.4	22	-0.026	0.703
gnomad_af_global	BAP1	splice	0.329	94	0.1354	0.4984
gnomad_af_global	BRCA1	splice_core	0.0142	25	-0.3831	0.4071
gnomad_af_global	BRCA2	splice_core	0.0271	28	-0.3495	0.3962
gnomad_af_global	BARD1	splice_core	0.2073	22	-0.2348	0.5784
gnomad_af_global	PALB2	splice_core	-0.5175	24	-0.7619	-0.1442
gnomad_af_global	RAD51C	splice_core	-0.0068	20	-0.448	0.4371
gnomad_af_global	VHL	splice_core		3		
gnomad_af_global	BAP1	splice_core	0.2318	13	-0.3659	0.6941
gnomad_af_global	BRCA1	splice_region	0.1641	69	-0.0756	0.3858
gnomad_af_global	BRCA2	splice_region	0.3086	62	0.0637	0.5184
gnomad_af_global	BARD1	splice_region	0.1364	56	-0.1312	0.3855
gnomad_af_global	PALB2	splice_region	-0.24	59	-0.4674	0.0171
gnomad_af_global	RAD51C	splice_region	-0.0372	45	-0.3271	0.2592
gnomad_af_global	VHL	splice_region	0.3098	19	-0.1681	0.6698
gnomad_af_global	BAP1	splice_region	0.1308	81	-0.0901	0.3395
gnomad_af_global	BRCA1	intronic	0.1087	115	-0.0759	0.2861
gnomad_af_global	BRCA2	intronic	0.107	24	-0.3098	0.4893
gnomad_af_global	BARD1	intronic	0.0064	110	-0.1811	0.1934
gnomad_af_global	PALB2	intronic	0.1243	76	-0.1041	0.3402
gnomad_af_global	RAD51C	intronic	-0.0126	82	-0.229	0.205
gnomad_af_global	VHL	intronic	-0.5385	12	-0.8498	0.0513
gnomad_af_global	BAP1	intronic	0.0579	199	-0.0818	0.1955
gnomad_af_global	BRCA1	coding	0.0798	542	-0.0045	0.1629
gnomad_af_global	BRCA2	coding	0.006	1080	-0.0536	0.0657
gnomad_af_global	BARD1	coding	0.0608	1266	0.0058	0.1155
gnomad_af_global	PALB2	coding	0.0242	1502	-0.0264	0.0747
gnomad_af_global	RAD51C	coding	0.0157	620	-0.0631	0.0943
gnomad_af_global	VHL	coding	0.1134	438	0.0199	0.2049
gnomad_af_global	BAP1	coding	0.2122	1016	0.1527	0.2702
gnomad_af_global	BRCA1	missense	0.079	389	-0.0206	0.177
gnomad_af_global	BRCA2	missense	0.0306	740	-0.0416	0.1024
gnomad_af_global	BARD1	missense	0.0944	860	0.0277	0.1602
gnomad_af_global	PALB2	missense	0.0224	1057	-0.0379	0.0826
gnomad_af_global	RAD51C	missense	0.0521	432	-0.0425	0.1457
gnomad_af_global	VHL	missense	0.083	281	-0.0344	0.1981
gnomad_af_global	BAP1	missense	0.1907	616	0.1134	0.2657
gnomad_af_popmax	BRCA1	all	0.103	766	0.0324	0.1726
gnomad_af_popmax	BRCA2	all	0.0376	1196	-0.0192	0.094
gnomad_af_popmax	BARD1	all	0.0608	1467	0.0097	0.1117
gnomad_af_popmax	PALB2	all	0.0453	1682	-0.0025	0.0929
gnomad_af_popmax	RAD51C	all	0.031	785	-0.0391	0.1008
gnomad_af_popmax	VHL	all	0.076	479	-0.0137	0.1645
gnomad_af_popmax	BAP1	all	0.1918	1333	0.1395	0.243
gnomad_af_popmax	BRCA1	splice	0.2861	94	0.0886	0.4619
gnomad_af_popmax	BRCA2	splice	0.2494	90	0.0446	0.4341
gnomad_af_popmax	BARD1	splice	0.1123	78	-0.1131	0.3266
gnomad_af_popmax	PALB2	splice	-0.1564	83	-0.3599	0.0614
gnomad_af_popmax	RAD51C	splice	-0.0083	65	-0.2517	0.2361
gnomad_af_popmax	VHL	splice	0.5127	22	0.1162	0.7683
gnomad_af_popmax	BAP1	splice	0.3314	94	0.138	0.5004
gnomad_af_popmax	BRCA1	splice_core	-0.0331	25	-0.4227	0.3669
gnomad_af_popmax	BRCA2	splice_core	-0.0605	28	-0.424	0.3198
gnomad_af_popmax	BARD1	splice_core	-0.1916	22	-0.5674	0.2502
gnomad_af_popmax	PALB2	splice_core	-0.3864	24	-0.6833	0.0201
gnomad_af_popmax	RAD51C	splice_core	0.3744	20	-0.0816	0.7008
gnomad_af_popmax	VHL	splice_core		3		
gnomad_af_popmax	BAP1	splice_core	0.2005	13	-0.394	0.6767
gnomad_af_popmax	BRCA1	splice_region	0.3013	69	0.0696	0.5022
gnomad_af_popmax	BRCA2	splice_region	0.2764	62	0.0286	0.4922
gnomad_af_popmax	BARD1	splice_region	0.0829	56	-0.184	0.3385
gnomad_af_popmax	PALB2	splice_region	-0.1129	59	-0.3586	0.1475
gnomad_af_popmax	RAD51C	splice_region	-0.0226	45	-0.3141	0.2727
gnomad_af_popmax	VHL	splice_region	0.386	19	-0.0828	0.7149
gnomad_af_popmax	BAP1	splice_region	0.1049	81	-0.1161	0.316
gnomad_af_popmax	BRCA1	intronic	0.0906	115	-0.0941	0.2692
gnomad_af_popmax	BRCA2	intronic	0.0704	24	-0.3427	0.4607
gnomad_af_popmax	BARD1	intronic	-0.0658	110	-0.2499	0.123
gnomad_af_popmax	PALB2	intronic	0.0761	76	-0.152	0.2965
gnomad_af_popmax	RAD51C	intronic	0.1372	82	-0.0822	0.344
gnomad_af_popmax	VHL	intronic	-0.7343	12	-0.9203	-0.2771
gnomad_af_popmax	BAP1	intronic	0.1306	199	-0.0086	0.2649
gnomad_af_popmax	BRCA1	coding	0.0855	542	0.0012	0.1685
gnomad_af_popmax	BRCA2	coding	0.0082	1080	-0.0515	0.0678
gnomad_af_popmax	BARD1	coding	0.0588	1266	0.0037	0.1135
gnomad_af_popmax	PALB2	coding	0.046	1502	-0.0046	0.0963
gnomad_af_popmax	RAD51C	coding	0.0174	620	-0.0614	0.096
gnomad_af_popmax	VHL	coding	0.0724	438	-0.0215	0.1649
gnomad_af_popmax	BAP1	coding	0.2019	1016	0.1422	0.2602
gnomad_af_popmax	BRCA1	missense	0.0915	389	-0.008	0.1892
gnomad_af_popmax	BRCA2	missense	0.0322	740	-0.04	0.104
gnomad_af_popmax	BARD1	missense	0.1152	860	0.0488	0.1807
gnomad_af_popmax	PALB2	missense	0.0424	1057	-0.018	0.1024
gnomad_af_popmax	RAD51C	missense	0.0156	432	-0.0789	0.1097
gnomad_af_popmax	VHL	missense	0.0169	281	-0.1003	0.1337
gnomad_af_popmax	BAP1	missense	0.1806	616	0.103	0.2559
