n_training_genes,held_out_gene,training_genes,n_test,brier
6,BRCA2,PALB2+BRCA1+RAD51C+BARD1+VHL+BAP1,268,0.06167255797080743
6,PALB2,BRCA2+BRCA1+RAD51C+BARD1+VHL+BAP1,215,0.070955121492878
6,BRCA1,BRCA2+PALB2+RAD51C+BARD1+VHL+BAP1,507,0.053855875425863814
6,RAD51C,BRCA2+PALB2+BRCA1+BARD1+VHL+BAP1,168,0.052540300202231265
6,BARD1,BRCA2+PALB2+BRCA1+RAD51C+VHL+BAP1,197,0.05484397549859369
6,VHL,BRCA2+PALB2+BRCA1+RAD51C+BARD1+BAP1,53,0.016565757112298792
6,BAP1,BRCA2+PALB2+BRCA1+RAD51C+BARD1+VHL,267,0.10191355141223708
5,BRCA2,PALB2+BRCA1+RAD51C+BARD1+VHL,268,0.0576001204607341
5,BRCA2,PALB2+BRCA1+RAD51C+BARD1+BAP1,268,0.06160846408097793
5,BRCA2,PALB2+BRCA1+RAD51C+VHL+BAP1,268,0.061653704024370905
5,BRCA2,PALB2+BRCA1+BARD1+VHL+BAP1,268,0.06236414246474664
5,BRCA2,PALB2+RAD51C+BARD1+VHL+BAP1,268,0.059449901761626386
5,BRCA2,BRCA1+RAD51C+BARD1+VHL+BAP1,268,0.06390296460595382
5,PALB2,BRCA2+BRCA1+RAD51C+BARD1+VHL,215,0.07035398045621288
5,PALB2,BRCA2+BRCA1+RAD51C+BARD1+BAP1,215,0.07046695478824613
5,PALB2,BRCA2+BRCA1+RAD51C+VHL+BAP1,215,0.0691508993818727
5,PALB2,BRCA2+BRCA1+BARD1+VHL+BAP1,215,0.07346687387142957
5,PALB2,BRCA2+RAD51C+BARD1+VHL+BAP1,215,0.06663742355026751
5,PALB2,BRCA1+RAD51C+BARD1+VHL+BAP1,215,0.07452203026389663
5,BRCA1,BRCA2+PALB2+RAD51C+BARD1+VHL,507,0.0565505823849767
5,BRCA1,BRCA2+PALB2+RAD51C+BARD1+BAP1,507,0.052340389712532985
5,BRCA1,BRCA2+PALB2+RAD51C+VHL+BAP1,507,0.05597023020102063
5,BRCA1,BRCA2+PALB2+BARD1+VHL+BAP1,507,0.05331782745458557
5,BRCA1,BRCA2+RAD51C+BARD1+VHL+BAP1,507,0.05392278375100456
5,BRCA1,PALB2+RAD51C+BARD1+VHL+BAP1,507,0.05491095944496308
5,RAD51C,BRCA2+PALB2+BRCA1+BARD1+VHL,168,0.05427200557878349
5,RAD51C,BRCA2+PALB2+BRCA1+BARD1+BAP1,168,0.05296471626200629
5,RAD51C,BRCA2+PALB2+BRCA1+VHL+BAP1,168,0.054771162785399716
5,RAD51C,BRCA2+PALB2+BARD1+VHL+BAP1,168,0.05522280128593694
5,RAD51C,BRCA2+BRCA1+BARD1+VHL+BAP1,168,0.05448664375731399
5,RAD51C,PALB2+BRCA1+BARD1+VHL+BAP1,168,0.05570706543564451
5,BARD1,BRCA2+PALB2+BRCA1+RAD51C+VHL,197,0.05715645020278495
5,BARD1,BRCA2+PALB2+BRCA1+RAD51C+BAP1,197,0.05558586236998158
5,BARD1,BRCA2+PALB2+BRCA1+VHL+BAP1,197,0.05391253758967121
5,BARD1,BRCA2+PALB2+RAD51C+VHL+BAP1,197,0.057280119904173456
5,BARD1,BRCA2+BRCA1+RAD51C+VHL+BAP1,197,0.05301137663210764
5,BARD1,PALB2+BRCA1+RAD51C+VHL+BAP1,197,0.05484088060046312
5,VHL,BRCA2+PALB2+BRCA1+RAD51C+BARD1,53,0.0160008166656974
5,VHL,BRCA2+PALB2+BRCA1+RAD51C+BAP1,53,0.016891890352262937
5,VHL,BRCA2+PALB2+BRCA1+BARD1+BAP1,53,0.015372154425377885
5,VHL,BRCA2+PALB2+RAD51C+BARD1+BAP1,53,0.01580522187590567
5,VHL,BRCA2+BRCA1+RAD51C+BARD1+BAP1,53,0.017675977449023016
5,VHL,PALB2+BRCA1+RAD51C+BARD1+BAP1,53,0.01857629913947137
5,BAP1,BRCA2+PALB2+BRCA1+RAD51C+BARD1,267,0.1018337568876401
5,BAP1,BRCA2+PALB2+BRCA1+RAD51C+VHL,267,0.10175038676504329
5,BAP1,BRCA2+PALB2+BRCA1+BARD1+VHL,267,0.10210288406721997
5,BAP1,BRCA2+PALB2+RAD51C+BARD1+VHL,267,0.10396313728206905
5,BAP1,BRCA2+BRCA1+RAD51C+BARD1+VHL,267,0.09954783186775454
5,BAP1,PALB2+BRCA1+RAD51C+BARD1+VHL,267,0.09957342188064207
4,BRCA2,PALB2+BRCA1+RAD51C+BARD1,268,0.057801450967682674
4,BRCA2,PALB2+BRCA1+RAD51C+VHL,268,0.05871435097911728
4,BRCA2,PALB2+BRCA1+RAD51C+BAP1,268,0.06142051013793747
4,BRCA2,PALB2+BRCA1+BARD1+VHL,268,0.05866035656753067
4,BRCA2,PALB2+BRCA1+BARD1+BAP1,268,0.06262824291143883
4,BRCA2,PALB2+BRCA1+VHL+BAP1,268,0.06396342735391779
4,BRCA2,PALB2+RAD51C+BARD1+VHL,268,0.05675486733422478
4,BRCA2,PALB2+RAD51C+BARD1+BAP1,268,0.05972245143921453
4,BRCA2,PALB2+RAD51C+VHL+BAP1,268,0.060347313279465936
4,BRCA2,PALB2+BARD1+VHL+BAP1,268,0.060346996798530186
4,BRCA2,BRCA1+RAD51C+BARD1+VHL,268,0.06128358648379137
4,BRCA2,BRCA1+RAD51C+BARD1+BAP1,268,0.06557926528273629
4,BRCA2,BRCA1+RAD51C+VHL+BAP1,268,0.0655982792550531
4,BRCA2,BRCA1+BARD1+VHL+BAP1,268,0.06651956666414677
4,BRCA2,RAD51C+BARD1+VHL+BAP1,268,0.06421193537092194
4,PALB2,BRCA2+BRCA1+RAD51C+BARD1,215,0.06904963890921673
4,PALB2,BRCA2+BRCA1+RAD51C+VHL,215,0.06479177793543858
4,PALB2,BRCA2+BRCA1+RAD51C+BAP1,215,0.07156437495721182
4,PALB2,BRCA2+BRCA1+BARD1+VHL,215,0.07012335191132517
4,PALB2,BRCA2+BRCA1+BARD1+BAP1,215,0.07403692367145416
4,PALB2,BRCA2+BRCA1+VHL+BAP1,215,0.07109593027220688
4,PALB2,BRCA2+RAD51C+BARD1+VHL,215,0.06683507658033543
4,PALB2,BRCA2+RAD51C+BARD1+BAP1,215,0.06843636468552339
4,PALB2,BRCA2+RAD51C+VHL+BAP1,215,0.06569971479589387
4,PALB2,BRCA2+BARD1+VHL+BAP1,215,0.06835601423248173
4,PALB2,BRCA1+RAD51C+BARD1+VHL,215,0.07266242108595877
4,PALB2,BRCA1+RAD51C+BARD1+BAP1,215,0.0763294586878053
4,PALB2,BRCA1+RAD51C+VHL+BAP1,215,0.07336418697017906
4,PALB2,BRCA1+BARD1+VHL+BAP1,215,0.08072656111731871
4,PALB2,RAD51C+BARD1+VHL+BAP1,215,0.07471008560059214
4,BRCA1,BRCA2+PALB2+RAD51C+BARD1,507,0.056177108852928856
4,BRCA1,BRCA2+PALB2+RAD51C+VHL,507,0.062246056659814135
4,BRCA1,BRCA2+PALB2+RAD51C+BAP1,507,0.05537879619961964
4,BRCA1,BRCA2+PALB2+BARD1+VHL,507,0.05528469066979433
4,BRCA1,BRCA2+PALB2+BARD1+BAP1,507,0.0524945595518831
4,BRCA1,BRCA2+PALB2+VHL+BAP1,507,0.05436130858068872
4,BRCA1,BRCA2+RAD51C+BARD1+VHL,507,0.05768482790884204
4,BRCA1,BRCA2+RAD51C+BARD1+BAP1,507,0.05447412765020629
4,BRCA1,BRCA2+RAD51C+VHL+BAP1,507,0.05652622862135032
4,BRCA1,BRCA2+BARD1+VHL+BAP1,507,0.05325121391324486
4,BRCA1,PALB2+RAD51C+BARD1+VHL,507,0.0562124137024879
4,BRCA1,PALB2+RAD51C+BARD1+BAP1,507,0.0556669116019508
4,BRCA1,PALB2+RAD51C+VHL+BAP1,507,0.055312111954133804
4,BRCA1,PALB2+BARD1+VHL+BAP1,507,0.05333746146096776
4,BRCA1,RAD51C+BARD1+VHL+BAP1,507,0.05548798209548559
4,RAD51C,BRCA2+PALB2+BRCA1+BARD1,168,0.05504416762654037
4,RAD51C,BRCA2+PALB2+BRCA1+VHL,168,0.04984016108205542
4,RAD51C,BRCA2+PALB2+BRCA1+BAP1,168,0.05473552298504809
4,RAD51C,BRCA2+PALB2+BARD1+VHL,168,0.052459238076891124
4,RAD51C,BRCA2+PALB2+BARD1+BAP1,168,0.053682125194096104
4,RAD51C,BRCA2+PALB2+VHL+BAP1,168,0.05087913284020812
4,RAD51C,BRCA2+BRCA1+BARD1+VHL,168,0.05376654256586797
4,RAD51C,BRCA2+BRCA1+BARD1+BAP1,168,0.05551018230102901
4,RAD51C,BRCA2+BRCA1+VHL+BAP1,168,0.05402258453489671
4,RAD51C,BRCA2+BARD1+VHL+BAP1,168,0.05568696928019712
4,RAD51C,PALB2+BRCA1+BARD1+VHL,168,0.05514551884352023
4,RAD51C,PALB2+BRCA1+BARD1+BAP1,168,0.05487519066589538
4,RAD51C,PALB2+BRCA1+VHL+BAP1,168,0.055797579979251534
4,RAD51C,PALB2+BARD1+VHL+BAP1,168,0.05725225656330008
4,RAD51C,BRCA1+BARD1+VHL+BAP1,168,0.057355613266757366
4,BARD1,BRCA2+PALB2+BRCA1+RAD51C,197,0.056490098866911545
4,BARD1,BRCA2+PALB2+BRCA1+VHL,197,0.05790274920186045
4,BARD1,BRCA2+PALB2+BRCA1+BAP1,197,0.05354706354992635
4,BARD1,BRCA2+PALB2+RAD51C+VHL,197,0.06303095057267692
4,BARD1,BRCA2+PALB2+RAD51C+BAP1,197,0.05503138231838648
4,BARD1,BRCA2+PALB2+VHL+BAP1,197,0.053162961280782135
4,BARD1,BRCA2+BRCA1+RAD51C+VHL,197,0.05753516943964056
4,BARD1,BRCA2+BRCA1+RAD51C+BAP1,197,0.05144353530866315
4,BARD1,BRCA2+BRCA1+VHL+BAP1,197,0.053569649654293616
4,BARD1,BRCA2+RAD51C+VHL+BAP1,197,0.05364062975831689
4,BARD1,PALB2+BRCA1+RAD51C+VHL,197,0.05917462695001034
4,BARD1,PALB2+BRCA1+RAD51C+BAP1,197,0.05320643081824297
4,BARD1,PALB2+BRCA1+VHL+BAP1,197,0.05329458831451436
4,BARD1,PALB2+RAD51C+VHL+BAP1,197,0.051725842301726055
4,BARD1,BRCA1+RAD51C+VHL+BAP1,197,0.0541134998253316
4,VHL,BRCA2+PALB2+BRCA1+RAD51C,53,0.015279750630946396
4,VHL,BRCA2+PALB2+BRCA1+BARD1,53,0.016235654345420843
4,VHL,BRCA2+PALB2+BRCA1+BAP1,53,0.014555263222825868
4,VHL,BRCA2+PALB2+RAD51C+BARD1,53,0.017340311832407477
4,VHL,BRCA2+PALB2+RAD51C+BAP1,53,0.015206695138060186
4,VHL,BRCA2+PALB2+BARD1+BAP1,53,0.016668473138682176
4,VHL,BRCA2+BRCA1+RAD51C+BARD1,53,0.016603703407792075
4,VHL,BRCA2+BRCA1+RAD51C+BAP1,53,0.01764549942340762
4,VHL,BRCA2+BRCA1+BARD1+BAP1,53,0.016674404768356774
4,VHL,BRCA2+RAD51C+BARD1+BAP1,53,0.017832458033240146
4,VHL,PALB2+BRCA1+RAD51C+BARD1,53,0.017514568445493074
4,VHL,PALB2+BRCA1+RAD51C+BAP1,53,0.0160892897436234
4,VHL,PALB2+BRCA1+BARD1+BAP1,53,0.01676091051596747
4,VHL,PALB2+RAD51C+BARD1+BAP1,53,0.018786720696895208
4,VHL,BRCA1+RAD51C+BARD1+BAP1,53,0.02183415506260235
4,BAP1,BRCA2+PALB2+BRCA1+RAD51C,267,0.10266474782544911
4,BAP1,BRCA2+PALB2+BRCA1+BARD1,267,0.1003125161206472
4,BAP1,BRCA2+PALB2+BRCA1+VHL,267,0.10383380984430328
4,BAP1,BRCA2+PALB2+RAD51C+BARD1,267,0.10634140551804182
4,BAP1,BRCA2+PALB2+RAD51C+VHL,267,0.11071826742131916
4,BAP1,BRCA2+PALB2+BARD1+VHL,267,0.10279983725405173
4,BAP1,BRCA2+BRCA1+RAD51C+BARD1,267,0.10194080357952576
4,BAP1,BRCA2+BRCA1+RAD51C+VHL,267,0.10238277650340276
4,BAP1,BRCA2+BRCA1+BARD1+VHL,267,0.09832302374148989
4,BAP1,BRCA2+RAD51C+BARD1+VHL,267,0.104038362095371
4,BAP1,PALB2+BRCA1+RAD51C+BARD1,267,0.09905204707260708
4,BAP1,PALB2+BRCA1+RAD51C+VHL,267,0.10343753519481869
4,BAP1,PALB2+BRCA1+BARD1+VHL,267,0.09999429104616206
4,BAP1,PALB2+RAD51C+BARD1+VHL,267,0.10712086140687054
4,BAP1,BRCA1+RAD51C+BARD1+VHL,267,0.10071140557557255
3,BRCA2,PALB2+BRCA1+RAD51C,268,0.05765538287648938
3,BRCA2,PALB2+BRCA1+BARD1,268,0.06002169367964344
3,BRCA2,PALB2+BRCA1+VHL,268,0.06266769342932609
3,BRCA2,PALB2+BRCA1+BAP1,268,0.06417128117256742
3,BRCA2,PALB2+RAD51C+BARD1,268,0.056994764113051516
3,BRCA2,PALB2+RAD51C+VHL,268,0.056132842542619216
3,BRCA2,PALB2+RAD51C+BAP1,268,0.060627215853527365
3,BRCA2,PALB2+BARD1+VHL,268,0.05910260588520571
3,BRCA2,PALB2+BARD1+BAP1,268,0.06157434014224793
3,BRCA2,PALB2+VHL+BAP1,268,0.06392157897893336
3,BRCA2,BRCA1+RAD51C+BARD1,268,0.06196386660122827
3,BRCA2,BRCA1+RAD51C+VHL,268,0.06041494641251646
3,BRCA2,BRCA1+RAD51C+BAP1,268,0.06718079858494487
3,BRCA2,BRCA1+BARD1+VHL,268,0.0657830154541934
3,BRCA2,BRCA1+BARD1+BAP1,268,0.068439160043543
3,BRCA2,BRCA1+VHL+BAP1,268,0.06782374131096212
3,BRCA2,RAD51C+BARD1+VHL,268,0.05689145885574611
3,BRCA2,RAD51C+BARD1+BAP1,268,0.06724334728733568
3,BRCA2,RAD51C+VHL+BAP1,268,0.06716531096223848
3,BRCA2,BARD1+VHL+BAP1,268,0.06870179846338101
3,PALB2,BRCA2+BRCA1+RAD51C,215,0.06553237484871016
3,PALB2,BRCA2+BRCA1+BARD1,215,0.06765306603689082
3,PALB2,BRCA2+BRCA1+VHL,215,0.06721282798850355
3,PALB2,BRCA2+BRCA1+BAP1,215,0.07284605409533047
3,PALB2,BRCA2+RAD51C+BARD1,215,0.07168284937024529
3,PALB2,BRCA2+RAD51C+VHL,215,0.07177996248635689
3,PALB2,BRCA2+RAD51C+BAP1,215,0.0671872504980586
3,PALB2,BRCA2+BARD1+VHL,215,0.06825290214418654
3,PALB2,BRCA2+BARD1+BAP1,215,0.07006953062750257
3,PALB2,BRCA2+VHL+BAP1,215,0.07282318470474668
3,PALB2,BRCA1+RAD51C+BARD1,215,0.06980148308519625
3,PALB2,BRCA1+RAD51C+VHL,215,0.06680746256370754
3,PALB2,BRCA1+RAD51C+BAP1,215,0.07349480234875624
3,PALB2,BRCA1+BARD1+VHL,215,0.07320474062461657
3,PALB2,BRCA1+BARD1+BAP1,215,0.08258732641053035
3,PALB2,BRCA1+VHL+BAP1,215,0.07663199325251104
3,PALB2,RAD51C+BARD1+VHL,215,0.06497068448482556
3,PALB2,RAD51C+BARD1+BAP1,215,0.0775389863834644
3,PALB2,RAD51C+VHL+BAP1,215,0.08024419264241367
3,PALB2,BARD1+VHL+BAP1,215,0.08501746521710804
3,BRCA1,BRCA2+PALB2+RAD51C,507,0.06069083899134671
3,BRCA1,BRCA2+PALB2+BARD1,507,0.05627914608067898
3,BRCA1,BRCA2+PALB2+VHL,507,0.06278014104036429
3,BRCA1,BRCA2+PALB2+BAP1,507,0.053602626078014776
3,BRCA1,BRCA2+RAD51C+BARD1,507,0.05659636555852724
3,BRCA1,BRCA2+RAD51C+VHL,507,0.06274441368481022
3,BRCA1,BRCA2+RAD51C+BAP1,507,0.05591967612231568
3,BRCA1,BRCA2+BARD1+VHL,507,0.05818139941657788
3,BRCA1,BRCA2+BARD1+BAP1,507,0.052344954296669015
3,BRCA1,BRCA2+VHL+BAP1,507,0.056273322706207926
3,BRCA1,PALB2+RAD51C+BARD1,507,0.05719979132982679
3,BRCA1,PALB2+RAD51C+VHL,507,0.06196540454011148
3,BRCA1,PALB2+RAD51C+BAP1,507,0.054731485818574906
3,BRCA1,PALB2+BARD1+VHL,507,0.053426759774552385
3,BRCA1,PALB2+BARD1+BAP1,507,0.05335673069862645
3,BRCA1,PALB2+VHL+BAP1,507,0.055266212064909816
3,BRCA1,RAD51C+BARD1+VHL,507,0.05936153564657783
3,BRCA1,RAD51C+BARD1+BAP1,507,0.05638164255680379
3,BRCA1,RAD51C+VHL+BAP1,507,0.0558426270789932
3,BRCA1,BARD1+VHL+BAP1,507,0.053958951286822
3,RAD51C,BRCA2+PALB2+BRCA1,168,0.05139241605471386
3,RAD51C,BRCA2+PALB2+BARD1,168,0.0507812416785539
3,RAD51C,BRCA2+PALB2+VHL,168,0.04801899716464714
3,RAD51C,BRCA2+PALB2+BAP1,168,0.051358885016373534
3,RAD51C,BRCA2+BRCA1+BARD1,168,0.0566142431208221
3,RAD51C,BRCA2+BRCA1+VHL,168,0.05246810474009995
3,RAD51C,BRCA2+BRCA1+BAP1,168,0.05457301433734408
3,RAD51C,BRCA2+BARD1+VHL,168,0.057485550511834384
3,RAD51C,BRCA2+BARD1+BAP1,168,0.055030090390557854
3,RAD51C,BRCA2+VHL+BAP1,168,0.05278279270412849
3,RAD51C,PALB2+BRCA1+BARD1,168,0.053122914000166936
3,RAD51C,PALB2+BRCA1+VHL,168,0.05432456299385916
3,RAD51C,PALB2+BRCA1+BAP1,168,0.05592106117588106
3,RAD51C,PALB2+BARD1+VHL,168,0.053436973459077386
3,RAD51C,PALB2+BARD1+BAP1,168,0.05868999687610021
3,RAD51C,PALB2+VHL+BAP1,168,0.05659627904702348
3,RAD51C,BRCA1+BARD1+VHL,168,0.05662818354926113
3,RAD51C,BRCA1+BARD1+BAP1,168,0.05762718482382495
3,RAD51C,BRCA1+VHL+BAP1,168,0.05919660581508589
3,RAD51C,BARD1+VHL+BAP1,168,0.05913148721697491
3,BARD1,BRCA2+PALB2+BRCA1,197,0.059130863885060884
3,BARD1,BRCA2+PALB2+RAD51C,197,0.06445952913801872
3,BARD1,BRCA2+PALB2+VHL,197,0.06548068780189284
3,BARD1,BRCA2+PALB2+BAP1,197,0.053315316360313045
3,BARD1,BRCA2+BRCA1+RAD51C,197,0.05686464172674132
3,BARD1,BRCA2+BRCA1+VHL,197,0.056038250230189
3,BARD1,BRCA2+BRCA1+BAP1,197,0.05279254152775377
3,BARD1,BRCA2+RAD51C+VHL,197,0.05872713829943819
3,BARD1,BRCA2+RAD51C+BAP1,197,0.05203816094810063
3,BARD1,BRCA2+VHL+BAP1,197,0.050839394180305156
3,BARD1,PALB2+BRCA1+RAD51C,197,0.05858826159993212
3,BARD1,PALB2+BRCA1+VHL,197,0.05933628084212228
3,BARD1,PALB2+BRCA1+BAP1,197,0.052356770719735574
3,BARD1,PALB2+RAD51C+VHL,197,0.060665934091457756
3,BARD1,PALB2+RAD51C+BAP1,197,0.05640966413898868
3,BARD1,PALB2+VHL+BAP1,197,0.055566771612927654
3,BARD1,BRCA1+RAD51C+VHL,197,0.05640970180564407
3,BARD1,BRCA1+RAD51C+BAP1,197,0.05464655495474027
3,BARD1,BRCA1+VHL+BAP1,197,0.05198261418026782
3,BARD1,RAD51C+VHL+BAP1,197,0.05064359900243262
3,VHL,BRCA2+PALB2+BRCA1,53,0.018816949219246197
3,VHL,BRCA2+PALB2+RAD51C,53,0.015527707854735277
3,VHL,BRCA2+PALB2+BARD1,53,0.021596390763508975
3,VHL,BRCA2+PALB2+BAP1,53,0.0158568099155661
3,VHL,BRCA2+BRCA1+RAD51C,53,0.015463097079053606
3,VHL,BRCA2+BRCA1+BARD1,53,0.016478921914951084
3,VHL,BRCA2+BRCA1+BAP1,53,0.020225782042028927
3,VHL,BRCA2+RAD51C+BARD1,53,0.02025474767444604
3,VHL,BRCA2+RAD51C+BAP1,53,0.020327515706523327
3,VHL,BRCA2+BARD1+BAP1,53,0.013977932012330522
3,VHL,PALB2+BRCA1+RAD51C,53,0.012979410165589724
3,VHL,PALB2+BRCA1+BARD1,53,0.015233157339042722
3,VHL,PALB2+BRCA1+BAP1,53,0.016206076253231082
3,VHL,PALB2+RAD51C+BARD1,53,0.01934848954910741
3,VHL,PALB2+RAD51C+BAP1,53,0.01898640160161573
3,VHL,PALB2+BARD1+BAP1,53,0.019651670528251324
3,VHL,BRCA1+RAD51C+BARD1,53,0.01903402247111055
3,VHL,BRCA1+RAD51C+BAP1,53,0.01971027285802566
3,VHL,BRCA1+BARD1+BAP1,53,0.020604138542610183
3,VHL,RAD51C+BARD1+BAP1,53,0.01930332625785715
3,BAP1,BRCA2+PALB2+BRCA1,267,0.10431567542147435
3,BAP1,BRCA2+PALB2+RAD51C,267,0.11241707291609919
3,BAP1,BRCA2+PALB2+BARD1,267,0.10297337610144737
3,BAP1,BRCA2+PALB2+VHL,267,0.11011831334063622
3,BAP1,BRCA2+BRCA1+RAD51C,267,0.10185543488375848
3,BAP1,BRCA2+BRCA1+BARD1,267,0.09931563332618425
3,BAP1,BRCA2+BRCA1+VHL,267,0.10028241806218939
3,BAP1,BRCA2+RAD51C+BARD1,267,0.10854044699528664
3,BAP1,BRCA2+RAD51C+VHL,267,0.10906144530808648
3,BAP1,BRCA2+BARD1+VHL,267,0.10340919387360731
3,BAP1,PALB2+BRCA1+RAD51C,267,0.10266699905191186
3,BAP1,PALB2+BRCA1+BARD1,267,0.10034174064050176
3,BAP1,PALB2+BRCA1+VHL,267,0.10392887119920576
3,BAP1,PALB2+RAD51C+BARD1,267,0.10602866570309898
3,BAP1,PALB2+RAD51C+VHL,267,0.11160632956545116
3,BAP1,PALB2+BARD1+VHL,267,0.10617706159391092
3,BAP1,BRCA1+RAD51C+BARD1,267,0.1006849779990116
3,BAP1,BRCA1+RAD51C+VHL,267,0.10346194750410775
3,BAP1,BRCA1+BARD1+VHL,267,0.10056352922350356
3,BAP1,RAD51C+BARD1+VHL,267,0.10557140751920711
