set,calib,model,ECE,Brier,actionable_frac,actionable_acc,n_actionable
y_assay/BRCA1_included,isotonic,fusion_M1,0.026,0.0631,0.751,0.9682,1258
y_assay/BRCA1_included,isotonic,mean_M0b,0.0118,0.0775,0.6973,0.9709,1168
y_assay/BRCA1_included,isotonic,single:spliceai,0.047,0.0807,0.7433,0.9446,1245
y_assay/BRCA1_included,isotonic,single:pangolin,0.0325,0.0717,0.7522,0.9627,1260
y_assay/BRCA1_included,isotonic,single:alphagenome,0.0256,0.0806,0.7009,0.9634,1174
y_assay/BRCA1_included,isotonic,single:gpn_msa,0.0249,0.1179,0.4722,0.9494,791
y_assay/BRCA1_included,isotonic,single:nt,0.0385,0.1981,0.0884,0.7905,148
y_assay/BRCA1_included,isotonic,single:cadd,0.0481,0.1134,0.5197,0.9328,804
y_assay/BRCA1_included,isotonic,single:alphamissense,,,,,0
y_assay/BRCA1_included,isotonic,single:gnomad_af,0.0605,0.2419,0.0183,0.6667,9
y_assay/BRCA1_included,isotonic,single:phylop,0.0349,0.1284,0.4513,0.9339,756
y_assay/BRCA1_included,isotonic,single:phastcons,0.0543,0.1478,0.2096,0.8632,351
y_assay/BRCA1_excluded,isotonic,fusion_M1,0.0309,0.0677,0.7543,0.9625,881
y_assay/BRCA1_excluded,isotonic,mean_M0b,0.025,0.0809,0.7235,0.9609,845
y_assay/BRCA1_excluded,isotonic,single:spliceai,0.0596,0.0905,0.7003,0.9267,818
y_assay/BRCA1_excluded,isotonic,single:pangolin,0.029,0.0793,0.7132,0.9616,833
y_assay/BRCA1_excluded,isotonic,single:alphagenome,0.0373,0.0867,0.7046,0.9611,823
y_assay/BRCA1_excluded,isotonic,single:gpn_msa,0.0403,0.1204,0.4897,0.9423,572
y_assay/BRCA1_excluded,isotonic,single:nt,0.053,0.1779,0.2021,0.9364,236
y_assay/BRCA1_excluded,isotonic,single:cadd,0.0294,0.1041,0.6707,0.9376,721
y_assay/BRCA1_excluded,isotonic,single:alphamissense,,,,,0
y_assay/BRCA1_excluded,isotonic,single:gnomad_af,0.082,0.2444,0.0197,0.625,8
y_assay/BRCA1_excluded,isotonic,single:phylop,0.0363,0.1293,0.4281,0.93,500
y_assay/BRCA1_excluded,isotonic,single:phastcons,0.0676,0.1491,0.1772,0.8213,207
y_clinvar/BRCA1_included,isotonic,fusion_M1,0.0113,0.0105,0.9767,0.9946,924
y_clinvar/BRCA1_included,isotonic,mean_M0b,0.0126,0.0148,0.9535,0.9922,902
y_clinvar/BRCA1_included,isotonic,single:spliceai,0.0302,0.0369,0.8964,0.9764,848
y_clinvar/BRCA1_included,isotonic,single:pangolin,0.0178,0.0223,0.9514,0.9911,900
y_clinvar/BRCA1_included,isotonic,single:alphagenome,0.0233,0.0361,0.8911,0.9858,843
y_clinvar/BRCA1_included,isotonic,single:gpn_msa,0.0336,0.0641,0.7315,0.9769,692
y_clinvar/BRCA1_included,isotonic,single:nt,0.0879,0.1668,0.352,0.9279,333
y_clinvar/BRCA1_included,isotonic,single:cadd,0.025,0.0366,0.901,0.9874,792
y_clinvar/BRCA1_included,isotonic,single:alphamissense,,,,,0
y_clinvar/BRCA1_included,isotonic,single:gnomad_af,0.1341,0.2478,0.0243,0.5714,7
y_clinvar/BRCA1_included,isotonic,single:phylop,0.0177,0.0553,0.8055,0.9777,762
y_clinvar/BRCA1_included,isotonic,single:phastcons,0.0366,0.0796,0.7548,0.9552,714
y_clinvar/BRCA1_excluded,isotonic,fusion_M1,0.0139,0.0117,0.9823,0.9903,721
y_clinvar/BRCA1_excluded,isotonic,mean_M0b,0.0121,0.0164,0.951,0.99,698
y_clinvar/BRCA1_excluded,isotonic,single:spliceai,0.0541,0.0482,0.8924,0.9695,655
y_clinvar/BRCA1_excluded,isotonic,single:pangolin,0.0296,0.031,0.9292,0.9897,682
y_clinvar/BRCA1_excluded,isotonic,single:alphagenome,0.0426,0.0414,0.891,0.9801,654
y_clinvar/BRCA1_excluded,isotonic,single:gpn_msa,0.0346,0.0676,0.7643,0.9733,561
y_clinvar/BRCA1_excluded,isotonic,single:nt,0.078,0.1518,0.4278,0.9108,314
y_clinvar/BRCA1_excluded,isotonic,single:cadd,0.028,0.0295,0.9157,0.9903,619
y_clinvar/BRCA1_excluded,isotonic,single:alphamissense,,,,,0
y_clinvar/BRCA1_excluded,isotonic,single:gnomad_af,0.1925,0.2509,0.0214,0.4,5
y_clinvar/BRCA1_excluded,isotonic,single:phylop,0.0451,0.0521,0.8038,0.9831,590
y_clinvar/BRCA1_excluded,isotonic,single:phastcons,0.0388,0.0755,0.782,0.9547,574
y_assay/BRCA1_included,platt,fusion_M1,0.0127,0.0634,0.7439,0.9711,1246
y_assay/BRCA1_included,platt,mean_M0b,0.0102,0.0759,0.6872,0.9731,1151
y_assay/BRCA1_included,platt,single:spliceai,0.0402,0.0811,0.6078,0.9597,1018
y_assay/BRCA1_included,platt,single:pangolin,0.0259,0.0719,0.6555,0.9699,1098
y_assay/BRCA1_included,platt,single:alphagenome,0.0226,0.0803,0.6304,0.9688,1056
y_assay/BRCA1_included,platt,single:gpn_msa,0.0229,0.1169,0.4716,0.9468,790
y_assay/BRCA1_included,platt,single:nt,0.0422,0.1985,0.0299,0.8,50
y_assay/BRCA1_included,platt,single:cadd,0.0449,0.113,0.4926,0.9475,762
y_assay/BRCA1_included,platt,single:alphamissense,,,,,0
y_assay/BRCA1_included,platt,single:gnomad_af,0.0189,0.2361,0.0,,0
y_assay/BRCA1_included,platt,single:phylop,0.046,0.1283,0.3976,0.9309,666
y_assay/BRCA1_included,platt,single:phastcons,0.0261,0.1413,0.2006,0.9167,336
y_assay/BRCA1_excluded,platt,fusion_M1,0.0129,0.0673,0.7295,0.9718,852
y_assay/BRCA1_excluded,platt,mean_M0b,0.0162,0.0786,0.6738,0.9682,787
y_assay/BRCA1_excluded,platt,single:spliceai,0.0316,0.0888,0.5985,0.9614,699
y_assay/BRCA1_excluded,platt,single:pangolin,0.022,0.0781,0.6558,0.9687,766
y_assay/BRCA1_excluded,platt,single:alphagenome,0.0252,0.0856,0.6182,0.964,722
y_assay/BRCA1_excluded,platt,single:gpn_msa,0.0304,0.1189,0.4717,0.9492,551
y_assay/BRCA1_excluded,platt,single:nt,0.0527,0.1754,0.1002,0.9145,117
y_assay/BRCA1_excluded,platt,single:cadd,0.037,0.1056,0.5312,0.944,571
y_assay/BRCA1_excluded,platt,single:alphamissense,,,,,0
y_assay/BRCA1_excluded,platt,single:gnomad_af,0.0372,0.238,0.0,,0
y_assay/BRCA1_excluded,platt,single:phylop,0.0396,0.129,0.4067,0.9326,475
y_assay/BRCA1_excluded,platt,single:phastcons,0.0477,0.1431,0.1875,0.8995,219
y_clinvar/BRCA1_included,platt,fusion_M1,0.0048,0.0088,0.9651,0.9989,913
y_clinvar/BRCA1_included,platt,mean_M0b,0.0071,0.0135,0.9419,0.9966,891
y_clinvar/BRCA1_included,platt,single:spliceai,0.0232,0.0339,0.8816,0.9808,834
y_clinvar/BRCA1_included,platt,single:pangolin,0.0127,0.0208,0.9323,0.9932,882
y_clinvar/BRCA1_included,platt,single:alphagenome,0.0144,0.0333,0.8774,0.9928,830
y_clinvar/BRCA1_included,platt,single:gpn_msa,0.0308,0.0626,0.74,0.98,700
y_clinvar/BRCA1_included,platt,single:nt,0.0754,0.168,0.2241,0.9198,212
y_clinvar/BRCA1_included,platt,single:cadd,0.0118,0.0323,0.8931,0.9885,785
y_clinvar/BRCA1_included,platt,single:alphamissense,,,,,0
y_clinvar/BRCA1_included,platt,single:gnomad_af,0.0572,0.2409,0.0,,0
y_clinvar/BRCA1_included,platt,single:phylop,0.0343,0.0571,0.7706,0.9767,729
y_clinvar/BRCA1_included,platt,single:phastcons,0.0304,0.0716,0.8129,0.9532,769
y_clinvar/BRCA1_excluded,platt,fusion_M1,0.0059,0.0106,0.9591,0.9986,704
y_clinvar/BRCA1_excluded,platt,mean_M0b,0.007,0.0146,0.9428,0.9942,692
y_clinvar/BRCA1_excluded,platt,single:spliceai,0.0337,0.0432,0.876,0.9751,643
y_clinvar/BRCA1_excluded,platt,single:pangolin,0.017,0.0275,0.9196,0.9896,675
y_clinvar/BRCA1_excluded,platt,single:alphagenome,0.0209,0.0381,0.8733,0.986,641
y_clinvar/BRCA1_excluded,platt,single:gpn_msa,0.032,0.0646,0.7425,0.9743,545
y_clinvar/BRCA1_excluded,platt,single:nt,0.0636,0.1478,0.3392,0.9116,249
y_clinvar/BRCA1_excluded,platt,single:cadd,0.0164,0.0256,0.926,0.9904,626
y_clinvar/BRCA1_excluded,platt,single:alphamissense,,,,,0
y_clinvar/BRCA1_excluded,platt,single:gnomad_af,0.0867,0.2433,0.0,,0
y_clinvar/BRCA1_excluded,platt,single:phylop,0.028,0.0538,0.7888,0.9827,579
y_clinvar/BRCA1_excluded,platt,single:phastcons,0.039,0.0711,0.8324,0.9542,611
