gene	hgvs_or_key	coord	cached	rescored	abs_delta	rel_delta	verdict
BRCA1	NM_007294.3:c.5194-1G>C	17:43057136:C>G	7.378906	7.378906	0.0000	0.00%	PASS
BRCA1	NM_007294.3:c.4986+1G>A	17:43070927:C>T	3.832031	3.832031	0.0000	0.00%	PASS
VHL	ENST00000256474.3:c.340+1G>T	3:10142188:G>T	5.324219	5.324219	0.0000	0.00%	PASS
VHL	ENST00000256474.3:c.341-2A>T	3:10146512:A>T	7.789062	7.789062	0.0000	0.00%	PASS
(cache)	16:23635576:T:C	16:23635576:T>C	0.018204	0.018204	0.0000	0.00%	PASS
(cache)	16:23635100:G:C	16:23635100:G>C	0.058899	0.058899	0.0000	0.00%	PASS
(cache)	13:32363318:A:T	13:32363318:A>T	0.09137	0.091370	0.0000	0.00%	PASS
(cache)	17:43115790:A:G	17:43115790:A>G	0.131104	0.131104	0.0000	0.00%	PASS
(cache)	13:32394705:C:A	13:32394705:C>A	0.193604	0.193604	0.0000	0.00%	PASS
(cache)	13:32379506:A:C	13:32379506:A>C	0.284668	0.284668	0.0000	0.00%	PASS
(cache)	17:43051073:G:T	17:43051073:G>T	0.438477	0.438477	0.0000	0.00%	PASS
(cache)	2:214781403:A:T	2:214781403:A>T	0.729004	0.729004	0.0000	0.00%	PASS
(cache)	13:32370447:G:T	13:32370447:G>T	1.553711	1.553711	0.0000	0.00%	PASS
(cache)	17:58734117:G:T	17:58734117:G>T	9.84375	9.843750	0.0000	0.00%	PASS
